background_library,background_line,driver,construct_line,gene_name,vdrc_id,sex_test,driver_present,rnai_construct_present,replicates,net_offspring_produced
GD,808,Act5c,1,CG17012,15570 GD,female,TRUE,TRUE,4,1
GD,808,Act5c,4,NA,NA,female,TRUE,TRUE,10,726
GD,808,Act5c,4,NA,NA,male,TRUE,TRUE,10,288
GD,808,Act5c,7,CG31002,48226 GD,female,TRUE,TRUE,9,515
GD,808,Act5c,7,CG31002,48226 GD,male,TRUE,TRUE,10,588
GD,808,Act5c,8,CG6367,18541 GD,female,TRUE,TRUE,10,753
GD,808,Act5c,8,CG6367,18541 GD,male,TRUE,TRUE,8,525
GD,808,Act5c,11,NA,NA,female,TRUE,TRUE,10,588
GD,808,Act5c,11,NA,NA,male,TRUE,TRUE,10,694
GD,808,Act5c,12,CG18125,47673 GD,female,TRUE,TRUE,10,790
GD,808,Act5c,12,CG18125,47673 GD,male,TRUE,TRUE,10,602
GD,808,Act5c,13,CG31918,13220 GD,female,TRUE,TRUE,10,929
GD,808,Act5c,13,CG31918,13220 GD,male,TRUE,TRUE,10,598
GD,808,Act5c,14,CG31720,51461 GD,female,TRUE,TRUE,10,830
GD,808,Act5c,14,CG31720,51461 GD,male,TRUE,TRUE,9,541
GD,808,Act5c,19,NA,NA,female,TRUE,TRUE,10,859
GD,808,Act5c,19,NA,NA,male,TRUE,TRUE,10,570
GD,808,Act5c,20,CG31941,31141 GD,female,TRUE,TRUE,10,906
GD,808,Act5c,20,CG31941,31141 GD,male,TRUE,TRUE,8,356
GD,808,Act5c,22,CG5609,51124 GD,female,TRUE,TRUE,10,944
GD,808,Act5c,22,CG5609,51124 GD,male,TRUE,TRUE,9,560
GD,808,Act5c,23,CG4712,21925 GD,female,TRUE,TRUE,8,591
GD,808,Act5c,23,CG4712,21925 GD,male,TRUE,TRUE,9,377
GD,808,Act5c,24,CG30448,12997 GD,female,TRUE,TRUE,10,467
GD,808,Act5c,24,CG30448,12997 GD,male,TRUE,TRUE,9,418
GD,808,Act5c,25,NA,NA,female,TRUE,TRUE,10,615
GD,808,Act5c,25,NA,NA,male,TRUE,TRUE,10,505
GD,808,Act5c,27,CG14088,5361 GD,female,TRUE,TRUE,10,494
GD,808,Act5c,27,CG14088,5361 GD,male,TRUE,TRUE,10,489
GD,808,Act5c,29,CG10090,101139 KK and 37346 GD,female,TRUE,TRUE,10,399
GD,808,Act5c,29,CG10090,101139 KK and 37346 GD,male,TRUE,TRUE,10,81
GD,808,Act5c,31,CG17216,51995 GD,female,TRUE,TRUE,9,783
GD,808,Act5c,31,CG17216,51995 GD,male,TRUE,TRUE,10,594
GD,808,Act5c,32,CG30037,12079 GD,female,TRUE,TRUE,10,951
GD,808,Act5c,32,CG30037,12079 GD,male,TRUE,TRUE,10,363
GD,808,Act5c,33,CG18331,48500 GD,female,TRUE,TRUE,9,360
GD,808,Act5c,33,CG18331,48500 GD,male,TRUE,TRUE,4,109
GD,808,Act5c,39,CG1736,32889 GD,female,TRUE,TRUE,7,436
GD,808,Act5c,39,CG1736,32889 GD,male,TRUE,TRUE,10,210
GD,808,Act5c,41,CG4259,2541 GD,female,TRUE,TRUE,9,223
GD,808,Act5c,41,CG4259,2541 GD,male,TRUE,TRUE,9,208
GD,808,Act5c,44,CG30473,27143 GD,female,TRUE,TRUE,10,700
GD,808,Act5c,44,CG30473,27143 GD,male,TRUE,TRUE,10,372
GD,808,Act5c,48,CG10799,16828 GD,female,TRUE,TRUE,10,702
GD,808,Act5c,48,CG10799,16828 GD,male,TRUE,TRUE,10,445
GD,808,Act5c,52,CG33235,48441 GD,female,TRUE,TRUE,10,813
GD,808,Act5c,52,CG33235,48441 GD,male,TRUE,TRUE,10,512
GD,808,Act5c,56,CG2826,46588 GD,female,TRUE,TRUE,10,697
GD,808,Act5c,56,CG2826,46588 GD,male,TRUE,TRUE,10,699
GD,808,Act5c,63,CG6208,40348 GD,female,TRUE,TRUE,10,744
GD,808,Act5c,63,CG6208,40348 GD,male,TRUE,TRUE,10,672
GD,808,Act5c,65,NA,NA,female,TRUE,TRUE,10,805
GD,808,Act5c,65,NA,NA,male,TRUE,TRUE,10,405
GD,808,Act5c,66,CG5103,41647 GD,female,TRUE,TRUE,10,759
GD,808,Act5c,66,CG5103,41647 GD,male,TRUE,TRUE,10,551
GD,808,Act5c,67,CG6541,101870 KK and 27655 GD,female,TRUE,TRUE,10,794
GD,808,Act5c,67,CG6541,101870 KK and 27655 GD,male,TRUE,TRUE,10,477
GD,808,Act5c,68,NA,NA,female,TRUE,TRUE,8,702
GD,808,Act5c,68,NA,NA,male,TRUE,TRUE,9,499
GD,808,Act5c,69,CG42626,19242 GD,female,TRUE,TRUE,10,545
GD,808,Act5c,69,CG42626,19242 GD,male,TRUE,TRUE,5,84
GD,808,Act5c,70,CR13656,23898 GD,female,TRUE,TRUE,10,697
GD,808,Act5c,70,CR13656,23898 GD,male,TRUE,TRUE,10,423
GD,808,Act5c,71,NA,NA,female,TRUE,TRUE,10,668
GD,808,Act5c,71,NA,NA,male,TRUE,TRUE,10,501
GD,808,Act5c,72,CG7800,27121 GD,female,TRUE,TRUE,10,759
GD,808,Act5c,72,CG7800,27121 GD,male,TRUE,TRUE,10,621
GD,808,Act5c,82,CG15635,46490 GD,female,TRUE,TRUE,9,742
GD,808,Act5c,82,CG15635,46490 GD,male,TRUE,TRUE,10,786
GD,808,Act5c,NA,NA,NA,female,TRUE,FALSE,40,3304
GD,808,Act5c,NA,NA,NA,male,TRUE,FALSE,40,2529
GD,808,Nos-GAL4,2,NA,NA,female,TRUE,TRUE,30,1441
GD,808,Nos-GAL4,2,NA,NA,male,TRUE,TRUE,30,1439
GD,808,Nos-GAL4,4,NA,NA,female,TRUE,TRUE,30,1684
GD,808,Nos-GAL4,4,NA,NA,male,TRUE,TRUE,30,1376
GD,808,Nos-GAL4,7,CG31002,48226 GD,female,TRUE,TRUE,30,1582
GD,808,Nos-GAL4,7,CG31002,48226 GD,male,TRUE,TRUE,30,1144
GD,808,Nos-GAL4,8,CG6367,18541 GD,female,TRUE,TRUE,30,1252
GD,808,Nos-GAL4,8,CG6367,18541 GD,male,TRUE,TRUE,30,1213
GD,808,Nos-GAL4,11,NA,NA,female,TRUE,TRUE,30,1267
GD,808,Nos-GAL4,11,NA,NA,male,TRUE,TRUE,30,1128
GD,808,Nos-GAL4,12,CG18125,47673 GD,female,TRUE,TRUE,30,1199
GD,808,Nos-GAL4,12,CG18125,47673 GD,male,TRUE,TRUE,30,1449
GD,808,Nos-GAL4,13,CG31918,13220 GD,female,TRUE,TRUE,30,1076
GD,808,Nos-GAL4,13,CG31918,13220 GD,male,TRUE,TRUE,29,1219
GD,808,Nos-GAL4,14,CG31720,51461 GD,female,TRUE,TRUE,28,1024
GD,808,Nos-GAL4,14,CG31720,51461 GD,male,TRUE,TRUE,30,1288
GD,808,Nos-GAL4,19,NA,NA,female,TRUE,TRUE,30,1901
GD,808,Nos-GAL4,19,NA,NA,male,TRUE,TRUE,30,1482
GD,808,Nos-GAL4,20,CG31941,31141 GD,female,TRUE,TRUE,30,1099
GD,808,Nos-GAL4,20,CG31941,31141 GD,male,TRUE,TRUE,30,1108
GD,808,Nos-GAL4,21,NA,NA,female,TRUE,TRUE,30,2015
GD,808,Nos-GAL4,21,NA,NA,male,TRUE,TRUE,29,1636
GD,808,Nos-GAL4,22,CG5609,51124 GD,female,TRUE,TRUE,28,1146
GD,808,Nos-GAL4,22,CG5609,51124 GD,male,TRUE,TRUE,30,1319
GD,808,Nos-GAL4,23,CG4712,21925 GD,female,TRUE,TRUE,30,1251
GD,808,Nos-GAL4,23,CG4712,21925 GD,male,TRUE,TRUE,30,1164
GD,808,Nos-GAL4,24,CG30448,12997 GD,female,TRUE,TRUE,25,1588
GD,808,Nos-GAL4,24,CG30448,12997 GD,male,TRUE,TRUE,30,1292
GD,808,Nos-GAL4,25,NA,NA,female,TRUE,TRUE,30,1093
GD,808,Nos-GAL4,25,NA,NA,male,TRUE,TRUE,28,1213
GD,808,Nos-GAL4,26,NA,NA,female,TRUE,TRUE,30,1329
GD,808,Nos-GAL4,26,NA,NA,male,TRUE,TRUE,30,1101
GD,808,Nos-GAL4,27,CG14088,5361 GD,female,TRUE,TRUE,30,1354
GD,808,Nos-GAL4,27,CG14088,5361 GD,male,TRUE,TRUE,30,1186
GD,808,Nos-GAL4,29,CG10090,101139 KK and 37346 GD,female,TRUE,TRUE,30,836
GD,808,Nos-GAL4,29,CG10090,101139 KK and 37346 GD,male,TRUE,TRUE,30,938
GD,808,Nos-GAL4,31,CG17216,51995 GD,female,TRUE,TRUE,30,1379
GD,808,Nos-GAL4,31,CG17216,51995 GD,male,TRUE,TRUE,30,1036
GD,808,Nos-GAL4,32,CG30037,12079 GD,female,TRUE,TRUE,30,1485
GD,808,Nos-GAL4,32,CG30037,12079 GD,male,TRUE,TRUE,30,1152
GD,808,Nos-GAL4,33,CG18331,48500 GD,female,TRUE,TRUE,30,1234
GD,808,Nos-GAL4,33,CG18331,48500 GD,male,TRUE,TRUE,30,948
GD,808,Nos-GAL4,35,NA,NA,female,TRUE,TRUE,30,1456
GD,808,Nos-GAL4,35,NA,NA,male,TRUE,TRUE,30,858
GD,808,Nos-GAL4,39,CG1736,32889 GD,female,TRUE,TRUE,29,1148
GD,808,Nos-GAL4,39,CG1736,32889 GD,male,TRUE,TRUE,30,839
GD,808,Nos-GAL4,41,CG4259,2541 GD,female,TRUE,TRUE,30,1235
GD,808,Nos-GAL4,41,CG4259,2541 GD,male,TRUE,TRUE,30,1164
GD,808,Nos-GAL4,44,CG30473,27143 GD,female,TRUE,TRUE,30,1223
GD,808,Nos-GAL4,44,CG30473,27143 GD,male,TRUE,TRUE,30,1445
GD,808,Nos-GAL4,48,CG10799,16828 GD,female,TRUE,TRUE,30,1380
GD,808,Nos-GAL4,48,CG10799,16828 GD,male,TRUE,TRUE,30,1414
GD,808,Nos-GAL4,52,CG33235,48441 GD,female,TRUE,TRUE,30,1492
GD,808,Nos-GAL4,52,CG33235,48441 GD,male,TRUE,TRUE,30,1573
GD,808,Nos-GAL4,56,CG2826,46588 GD,female,TRUE,TRUE,30,971
GD,808,Nos-GAL4,56,CG2826,46588 GD,male,TRUE,TRUE,30,873
GD,808,Nos-GAL4,62,CG14719,32314 GD,female,TRUE,TRUE,30,1051
GD,808,Nos-GAL4,62,CG14719,32314 GD,male,TRUE,TRUE,30,876
GD,808,Nos-GAL4,63,CG6208,40348 GD,female,TRUE,TRUE,30,1065
GD,808,Nos-GAL4,63,CG6208,40348 GD,male,TRUE,TRUE,30,870
GD,808,Nos-GAL4,66,CG5103,41647 GD,female,TRUE,TRUE,30,1020
GD,808,Nos-GAL4,66,CG5103,41647 GD,male,TRUE,TRUE,30,909
GD,808,Nos-GAL4,68,NA,NA,female,TRUE,TRUE,59,1985
GD,808,Nos-GAL4,68,NA,NA,male,TRUE,TRUE,60,1973
GD,808,Nos-GAL4,69,CG42626,19242 GD,female,TRUE,TRUE,30,1726
GD,808,Nos-GAL4,69,CG42626,19242 GD,male,TRUE,TRUE,27,1376
GD,808,Nos-GAL4,72,CG7800,27121 GD,female,TRUE,TRUE,30,2196
GD,808,Nos-GAL4,72,CG7800,27121 GD,male,TRUE,TRUE,30,1449
GD,808,Nos-GAL4,82,CG15635,46490 GD,female,TRUE,TRUE,30,1080
GD,808,Nos-GAL4,82,CG15635,46490 GD,male,TRUE,TRUE,30,877
GD,808,Nos-GAL4,87,NA,NA,female,TRUE,TRUE,59,2455
GD,808,Nos-GAL4,87,NA,NA,male,TRUE,TRUE,60,2212
GD,808,Nos-GAL4,88,NA,NA,female,TRUE,TRUE,30,1012
GD,808,Nos-GAL4,88,NA,NA,male,TRUE,TRUE,30,744
GD,808,Nos-GAL4,91,NA,NA,female,TRUE,TRUE,30,908
GD,808,Nos-GAL4,91,NA,NA,male,TRUE,TRUE,30,835
GD,808,Nos-GAL4,3265,CG2291,3265 GD,female,TRUE,TRUE,30,1228
GD,808,Nos-GAL4,3265,CG2291,3265 GD,male,TRUE,TRUE,30,945
GD,808,Nos-GAL4,43449,CG5213,43449 GD,female,TRUE,TRUE,30,1282
GD,808,Nos-GAL4,43449,CG5213,43449 GD,male,TRUE,TRUE,30,1125
GD,808,Nos-GAL4,NA,NA,NA,female,TRUE,FALSE,154,7419
GD,808,Nos-GAL4,NA,NA,NA,male,TRUE,FALSE,152,5623
GD,808,Tubp-GAL4,1,CG17012,15570 GD,female,TRUE,TRUE,2,0
GD,808,Tubp-GAL4,4,NA,NA,female,TRUE,TRUE,10,777
GD,808,Tubp-GAL4,4,NA,NA,male,TRUE,TRUE,10,273
GD,808,Tubp-GAL4,7,CG31002,48226 GD,female,TRUE,TRUE,10,151
GD,808,Tubp-GAL4,7,CG31002,48226 GD,male,TRUE,TRUE,9,475
GD,808,Tubp-GAL4,8,CG6367,18541 GD,female,TRUE,TRUE,10,825
GD,808,Tubp-GAL4,8,CG6367,18541 GD,male,TRUE,TRUE,9,652
GD,808,Tubp-GAL4,11,NA,NA,female,TRUE,TRUE,10,700
GD,808,Tubp-GAL4,11,NA,NA,male,TRUE,TRUE,10,309
GD,808,Tubp-GAL4,12,CG18125,47673 GD,female,TRUE,TRUE,10,744
GD,808,Tubp-GAL4,12,CG18125,47673 GD,male,TRUE,TRUE,9,429
GD,808,Tubp-GAL4,13,CG31918,13220 GD,female,TRUE,TRUE,10,792
GD,808,Tubp-GAL4,13,CG31918,13220 GD,male,TRUE,TRUE,10,496
GD,808,Tubp-GAL4,14,CG31720,51461 GD,female,TRUE,TRUE,10,810
GD,808,Tubp-GAL4,14,CG31720,51461 GD,male,TRUE,TRUE,10,573
GD,808,Tubp-GAL4,19,NA,NA,female,TRUE,TRUE,10,689
GD,808,Tubp-GAL4,19,NA,NA,male,TRUE,TRUE,10,590
GD,808,Tubp-GAL4,20,CG31941,31141 GD,female,TRUE,TRUE,10,811
GD,808,Tubp-GAL4,20,CG31941,31141 GD,male,TRUE,TRUE,10,699
GD,808,Tubp-GAL4,22,CG5609,51124 GD,female,TRUE,TRUE,9,750
GD,808,Tubp-GAL4,22,CG5609,51124 GD,male,TRUE,TRUE,10,679
GD,808,Tubp-GAL4,23,CG4712,21925 GD,female,TRUE,TRUE,9,481
GD,808,Tubp-GAL4,23,CG4712,21925 GD,male,TRUE,TRUE,8,422
GD,808,Tubp-GAL4,24,CG30448,12997 GD,female,TRUE,TRUE,9,524
GD,808,Tubp-GAL4,24,CG30448,12997 GD,male,TRUE,TRUE,8,269
GD,808,Tubp-GAL4,25,NA,NA,female,TRUE,TRUE,10,659
GD,808,Tubp-GAL4,25,NA,NA,male,TRUE,TRUE,9,474
GD,808,Tubp-GAL4,27,CG14088,5361 GD,female,TRUE,TRUE,10,649
GD,808,Tubp-GAL4,27,CG14088,5361 GD,male,TRUE,TRUE,10,185
GD,808,Tubp-GAL4,31,CG17216,51995 GD,female,TRUE,TRUE,10,649
GD,808,Tubp-GAL4,31,CG17216,51995 GD,male,TRUE,TRUE,10,513
GD,808,Tubp-GAL4,32,CG30037,12079 GD,female,TRUE,TRUE,10,861
GD,808,Tubp-GAL4,32,CG30037,12079 GD,male,TRUE,TRUE,10,454
GD,808,Tubp-GAL4,39,CG1736,32889 GD,female,TRUE,TRUE,10,43
GD,808,Tubp-GAL4,39,CG1736,32889 GD,male,TRUE,TRUE,10,108
GD,808,Tubp-GAL4,41,CG4259,2541 GD,female,TRUE,TRUE,4,159
GD,808,Tubp-GAL4,41,CG4259,2541 GD,male,TRUE,TRUE,4,179
GD,808,Tubp-GAL4,44,CG30473,27143 GD,female,TRUE,TRUE,10,780
GD,808,Tubp-GAL4,44,CG30473,27143 GD,male,TRUE,TRUE,10,432
GD,808,Tubp-GAL4,48,CG10799,16828 GD,female,TRUE,TRUE,10,728
GD,808,Tubp-GAL4,48,CG10799,16828 GD,male,TRUE,TRUE,10,419
GD,808,Tubp-GAL4,52,CG33235,48441 GD,female,TRUE,TRUE,10,766
GD,808,Tubp-GAL4,52,CG33235,48441 GD,male,TRUE,TRUE,10,537
GD,808,Tubp-GAL4,56,CG2826,46588 GD,female,TRUE,TRUE,10,80
GD,808,Tubp-GAL4,56,CG2826,46588 GD,male,TRUE,TRUE,10,435
GD,808,Tubp-GAL4,63,CG6208,40348 GD,female,TRUE,TRUE,10,445
GD,808,Tubp-GAL4,63,CG6208,40348 GD,male,TRUE,TRUE,10,551
GD,808,Tubp-GAL4,65,NA,NA,female,TRUE,TRUE,10,758
GD,808,Tubp-GAL4,65,NA,NA,male,TRUE,TRUE,10,493
GD,808,Tubp-GAL4,66,CG5103,41647 GD,female,TRUE,TRUE,10,668
GD,808,Tubp-GAL4,66,CG5103,41647 GD,male,TRUE,TRUE,10,624
GD,808,Tubp-GAL4,67,CG6541,101870 KK and 27655 GD,female,TRUE,TRUE,10,551
GD,808,Tubp-GAL4,67,CG6541,101870 KK and 27655 GD,male,TRUE,TRUE,10,19
GD,808,Tubp-GAL4,68,NA,NA,female,TRUE,TRUE,6,517
GD,808,Tubp-GAL4,68,NA,NA,male,TRUE,TRUE,5,336
GD,808,Tubp-GAL4,70,CR13656,23898 GD,female,TRUE,TRUE,10,733
GD,808,Tubp-GAL4,70,CR13656,23898 GD,male,TRUE,TRUE,10,712
GD,808,Tubp-GAL4,71,NA,NA,female,TRUE,TRUE,10,929
GD,808,Tubp-GAL4,71,NA,NA,male,TRUE,TRUE,10,520
GD,808,Tubp-GAL4,72,CG7800,27121 GD,female,TRUE,TRUE,10,874
GD,808,Tubp-GAL4,72,CG7800,27121 GD,male,TRUE,TRUE,10,636
GD,808,Tubp-GAL4,82,CG15635,46490 GD,female,TRUE,TRUE,10,830
GD,808,Tubp-GAL4,82,CG15635,46490 GD,male,TRUE,TRUE,9,707
GD,808,Tubp-GAL4,NA,NA,NA,female,TRUE,FALSE,40,3373
GD,808,Tubp-GAL4,NA,NA,NA,male,TRUE,FALSE,40,2148
GD,808,NA,1,CG17012,15570 GD,female,FALSE,TRUE,10,757
GD,808,NA,4,NA,NA,female,FALSE,TRUE,10,457
GD,808,NA,4,NA,NA,male,FALSE,TRUE,10,618
GD,808,NA,7,CG31002,48226 GD,female,FALSE,TRUE,10,659
GD,808,NA,7,CG31002,48226 GD,male,FALSE,TRUE,10,661
GD,808,NA,8,CG6367,18541 GD,female,FALSE,TRUE,9,640
GD,808,NA,8,CG6367,18541 GD,male,FALSE,TRUE,7,365
GD,808,NA,11,NA,NA,female,FALSE,TRUE,10,619
GD,808,NA,11,NA,NA,male,FALSE,TRUE,10,533
GD,808,NA,12,CG18125,47673 GD,female,FALSE,TRUE,25,1276
GD,808,NA,12,CG18125,47673 GD,male,FALSE,TRUE,25,1722
GD,808,NA,13,CG31918,13220 GD,female,FALSE,TRUE,10,503
GD,808,NA,13,CG31918,13220 GD,male,FALSE,TRUE,10,620
GD,808,NA,14,CG31720,51461 GD,female,FALSE,TRUE,25,1520
GD,808,NA,14,CG31720,51461 GD,male,FALSE,TRUE,25,1828
GD,808,NA,19,NA,NA,female,FALSE,TRUE,10,589
GD,808,NA,19,NA,NA,male,FALSE,TRUE,10,575
GD,808,NA,20,CG31941,31141 GD,female,FALSE,TRUE,10,632
GD,808,NA,20,CG31941,31141 GD,male,FALSE,TRUE,10,670
GD,808,NA,22,CG5609,51124 GD,female,FALSE,TRUE,9,616
GD,808,NA,22,CG5609,51124 GD,male,FALSE,TRUE,10,623
GD,808,NA,23,CG4712,21925 GD,female,FALSE,TRUE,10,747
GD,808,NA,23,CG4712,21925 GD,male,FALSE,TRUE,9,616
GD,808,NA,24,CG30448,12997 GD,female,FALSE,TRUE,10,534
GD,808,NA,24,CG30448,12997 GD,male,FALSE,TRUE,9,548
GD,808,NA,25,NA,NA,female,FALSE,TRUE,24,1080
GD,808,NA,25,NA,NA,male,FALSE,TRUE,25,1495
GD,808,NA,27,CG14088,5361 GD,female,FALSE,TRUE,10,572
GD,808,NA,27,CG14088,5361 GD,male,FALSE,TRUE,10,641
GD,808,NA,29,CG10090,101139 KK and 37346 GD,female,FALSE,TRUE,10,423
GD,808,NA,29,CG10090,101139 KK and 37346 GD,male,FALSE,TRUE,10,471
GD,808,NA,31,CG17216,51995 GD,female,FALSE,TRUE,10,710
GD,808,NA,31,CG17216,51995 GD,male,FALSE,TRUE,10,615
GD,808,NA,32,CG30037,12079 GD,female,FALSE,TRUE,10,667
GD,808,NA,32,CG30037,12079 GD,male,FALSE,TRUE,10,568
GD,808,NA,33,CG18331,48500 GD,female,FALSE,TRUE,10,767
GD,808,NA,33,CG18331,48500 GD,male,FALSE,TRUE,9,485
GD,808,NA,39,CG1736,32889 GD,female,FALSE,TRUE,8,574
GD,808,NA,39,CG1736,32889 GD,male,FALSE,TRUE,10,622
GD,808,NA,41,CG4259,2541 GD,female,FALSE,TRUE,25,1551
GD,808,NA,41,CG4259,2541 GD,male,FALSE,TRUE,25,1463
GD,808,NA,44,CG30473,27143 GD,female,FALSE,TRUE,25,1337
GD,808,NA,44,CG30473,27143 GD,male,FALSE,TRUE,25,1122
GD,808,NA,48,CG10799,16828 GD,female,FALSE,TRUE,10,591
GD,808,NA,48,CG10799,16828 GD,male,FALSE,TRUE,10,410
GD,808,NA,52,CG33235,48441 GD,female,FALSE,TRUE,10,574
GD,808,NA,52,CG33235,48441 GD,male,FALSE,TRUE,10,494
GD,808,NA,56,CG2826,46588 GD,female,FALSE,TRUE,10,695
GD,808,NA,56,CG2826,46588 GD,male,FALSE,TRUE,10,501
GD,808,NA,63,CG6208,40348 GD,female,FALSE,TRUE,10,642
GD,808,NA,63,CG6208,40348 GD,male,FALSE,TRUE,10,635
GD,808,NA,65,NA,NA,female,FALSE,TRUE,10,744
GD,808,NA,65,NA,NA,male,FALSE,TRUE,10,715
GD,808,NA,66,CG5103,41647 GD,female,FALSE,TRUE,10,538
GD,808,NA,66,CG5103,41647 GD,male,FALSE,TRUE,10,479
GD,808,NA,67,CG6541,101870 KK and 27655 GD,female,FALSE,TRUE,10,592
GD,808,NA,67,CG6541,101870 KK and 27655 GD,male,FALSE,TRUE,10,404
GD,808,NA,68,NA,NA,female,FALSE,TRUE,7,591
GD,808,NA,68,NA,NA,male,FALSE,TRUE,10,597
GD,808,NA,69,CG42626,19242 GD,female,FALSE,TRUE,10,714
GD,808,NA,69,CG42626,19242 GD,male,FALSE,TRUE,10,672
GD,808,NA,70,CR13656,23898 GD,female,FALSE,TRUE,10,574
GD,808,NA,70,CR13656,23898 GD,male,FALSE,TRUE,10,701
GD,808,NA,71,NA,NA,female,FALSE,TRUE,10,553
GD,808,NA,71,NA,NA,male,FALSE,TRUE,10,626
GD,808,NA,72,CG7800,27121 GD,female,FALSE,TRUE,10,751
GD,808,NA,72,CG7800,27121 GD,male,FALSE,TRUE,10,635
GD,808,NA,82,CG15635,46490 GD,female,FALSE,TRUE,7,504
GD,808,NA,82,CG15635,46490 GD,male,FALSE,TRUE,10,776
GD,808,NA,NA,NA,NA,NA,FALSE,FALSE,215,9266
KK,60100,Act5c,2,CG7815,22567 GD and 109695 KK,female,TRUE,TRUE,10,667
KK,60100,Act5c,2,CG7815,22567 GD and 109695 KK,male,TRUE,TRUE,10,347
KK,60100,Act5c,3,CG32021,102286 KK,female,TRUE,TRUE,10,484
KK,60100,Act5c,3,CG32021,102286 KK,male,TRUE,TRUE,10,348
KK,60100,Act5c,5,CG1878,103148 KK,female,TRUE,TRUE,10,775
KK,60100,Act5c,5,CG1878,103148 KK,male,TRUE,TRUE,10,483
KK,60100,Act5c,6,CG32283,105013 KK,female,TRUE,TRUE,10,801
KK,60100,Act5c,6,CG32283,105013 KK,male,TRUE,TRUE,10,480
KK,60100,Act5c,9,CG10852,106565 KK,female,TRUE,TRUE,10,686
KK,60100,Act5c,9,CG10852,106565 KK,male,TRUE,TRUE,10,478
KK,60100,Act5c,10,CG6639,104307 KK,female,TRUE,TRUE,10,767
KK,60100,Act5c,10,CG6639,104307 KK,male,TRUE,TRUE,10,435
KK,60100,Act5c,15,CG8856,100928 KK,female,TRUE,TRUE,10,998
KK,60100,Act5c,15,CG8856,100928 KK,male,TRUE,TRUE,10,461
KK,60100,Act5c,16,CG7157,105453 KK,female,TRUE,TRUE,10,607
KK,60100,Act5c,16,CG7157,105453 KK,male,TRUE,TRUE,10,349
KK,60100,Act5c,17,CG15882,104267 KK,female,TRUE,TRUE,10,675
KK,60100,Act5c,17,CG15882,104267 KK,male,TRUE,TRUE,10,450
KK,60100,Act5c,18,CG3217,102373 KK,female,TRUE,TRUE,10,754
KK,60100,Act5c,18,CG3217,102373 KK,male,TRUE,TRUE,10,489
KK,60100,Act5c,21,CG33490,22221 GD and 101678 KK,female,TRUE,TRUE,10,651
KK,60100,Act5c,21,CG33490,22221 GD and 101678 KK,male,TRUE,TRUE,10,336
KK,60100,Act5c,26,CG4691,21920 GD and 109704 KK,female,TRUE,TRUE,10,682
KK,60100,Act5c,26,CG4691,21920 GD and 109704 KK,male,TRUE,TRUE,10,380
KK,60100,Act5c,28,CG33533,107567 KK,female,TRUE,TRUE,10,894
KK,60100,Act5c,28,CG33533,107567 KK,male,TRUE,TRUE,10,625
KK,60100,Act5c,30,CG9720,100523 KK,female,TRUE,TRUE,10,638
KK,60100,Act5c,30,CG9720,100523 KK,male,TRUE,TRUE,10,435
KK,60100,Act5c,34,CG32110,107634 KK,female,TRUE,TRUE,9,613
KK,60100,Act5c,34,CG32110,107634 KK,male,TRUE,TRUE,9,495
KK,60100,Act5c,35,CG31817,34004 GD and 109707 KK,female,TRUE,TRUE,10,938
KK,60100,Act5c,35,CG31817,34004 GD and 109707 KK,male,TRUE,TRUE,8,531
KK,60100,Act5c,36,CG13977,100415 KK,female,TRUE,TRUE,9,695
KK,60100,Act5c,36,CG13977,100415 KK,male,TRUE,TRUE,10,470
KK,60100,Act5c,37,CG30450,101927 KK,female,TRUE,TRUE,10,550
KK,60100,Act5c,37,CG30450,101927 KK,male,TRUE,TRUE,10,457
KK,60100,Act5c,38,CG5372,100120 KK,female,TRUE,TRUE,10,716
KK,60100,Act5c,38,CG5372,100120 KK,male,TRUE,TRUE,10,491
KK,60100,Act5c,40,CG32368,103313 KK,female,TRUE,TRUE,10,637
KK,60100,Act5c,40,CG32368,103313 KK,male,TRUE,TRUE,10,544
KK,60100,Act5c,42,CG10232,100033 KK,female,TRUE,TRUE,10,802
KK,60100,Act5c,42,CG10232,100033 KK,male,TRUE,TRUE,9,385
KK,60100,Act5c,43,CG46386,100382 KK,female,TRUE,TRUE,10,732
KK,60100,Act5c,43,CG46386,100382 KK,male,TRUE,TRUE,10,502
KK,60100,Act5c,45,CG7676,101813 KK,female,TRUE,TRUE,10,682
KK,60100,Act5c,45,CG7676,101813 KK,male,TRUE,TRUE,10,373
KK,60100,Act5c,46,CG31208,102611 KK,female,TRUE,TRUE,10,582
KK,60100,Act5c,46,CG31208,102611 KK,male,TRUE,TRUE,10,501
KK,60100,Act5c,47,CG3410,107254 KK,female,TRUE,TRUE,10,847
KK,60100,Act5c,47,CG3410,107254 KK,male,TRUE,TRUE,10,410
KK,60100,Act5c,49,CG31782,100145 KK,female,TRUE,TRUE,10,704
KK,60100,Act5c,49,CG31782,100145 KK,male,TRUE,TRUE,10,497
KK,60100,Act5c,50,CG8953,106162 KK,female,TRUE,TRUE,10,688
KK,60100,Act5c,50,CG8953,106162 KK,male,TRUE,TRUE,10,543
KK,60100,Act5c,51,CG15734,103519 KK,female,TRUE,TRUE,10,524
KK,60100,Act5c,51,CG15734,103519 KK,male,TRUE,TRUE,10,551
KK,60100,Act5c,53,CR18228,101647 KK,female,TRUE,TRUE,10,819
KK,60100,Act5c,53,CR18228,101647 KK,male,TRUE,TRUE,10,539
KK,60100,Act5c,54,CG8219,103487 KK,female,TRUE,TRUE,10,599
KK,60100,Act5c,54,CG8219,103487 KK,male,TRUE,TRUE,10,563
KK,60100,Act5c,55,CG32580,105591 KK,female,TRUE,TRUE,9,546
KK,60100,Act5c,55,CG32580,105591 KK,male,TRUE,TRUE,10,488
KK,60100,Act5c,57,CG32853,105546 KK,female,TRUE,TRUE,10,527
KK,60100,Act5c,57,CG32853,105546 KK,male,TRUE,TRUE,10,300
KK,60100,Act5c,58,CG30150,101783 KK,female,TRUE,TRUE,10,568
KK,60100,Act5c,58,CG30150,101783 KK,male,TRUE,TRUE,10,400
KK,60100,Act5c,59,CG5662,102645 KK,female,TRUE,TRUE,10,526
KK,60100,Act5c,59,CG5662,102645 KK,male,TRUE,TRUE,10,380
KK,60100,Act5c,60,CG2885,103311 KK,female,TRUE,TRUE,10,677
KK,60100,Act5c,60,CG2885,103311 KK,male,TRUE,TRUE,10,399
KK,60100,Act5c,61,CG13686,106450 KK,female,TRUE,TRUE,10,764
KK,60100,Act5c,61,CG13686,106450 KK,male,TRUE,TRUE,10,404
KK,60100,Act5c,62,NA,NA,female,TRUE,TRUE,8,518
KK,60100,Act5c,62,NA,NA,male,TRUE,TRUE,6,229
KK,60100,Act5c,64,CG10246,100143 KK,female,TRUE,TRUE,10,754
KK,60100,Act5c,64,CG10246,100143 KK,male,TRUE,TRUE,10,348
KK,60100,Act5c,73,CG40635,110107 KK,female,TRUE,TRUE,10,724
KK,60100,Act5c,73,CG40635,110107 KK,male,TRUE,TRUE,9,250
KK,60100,Act5c,74,CG12725,103003 KK,female,TRUE,TRUE,10,710
KK,60100,Act5c,74,CG12725,103003 KK,male,TRUE,TRUE,9,399
KK,60100,Act5c,75,CG17440,104733 KK,female,TRUE,TRUE,9,636
KK,60100,Act5c,75,CG17440,104733 KK,male,TRUE,TRUE,10,421
KK,60100,Act5c,76,CG5334,102765 KK,female,TRUE,TRUE,10,815
KK,60100,Act5c,76,CG5334,102765 KK,male,TRUE,TRUE,10,760
KK,60100,Act5c,77,CG12493,102360 KK,female,TRUE,TRUE,10,809
KK,60100,Act5c,77,CG12493,102360 KK,male,TRUE,TRUE,10,471
KK,60100,Act5c,78,CG11942,109539 KK,female,TRUE,TRUE,8,658
KK,60100,Act5c,78,CG11942,109539 KK,male,TRUE,TRUE,10,428
KK,60100,Act5c,79,CG15578,105846 KK,female,TRUE,TRUE,9,893
KK,60100,Act5c,79,CG15578,105846 KK,male,TRUE,TRUE,10,383
KK,60100,Act5c,80,CG14810,109519 KK,female,TRUE,TRUE,10,758
KK,60100,Act5c,80,CG14810,109519 KK,male,TRUE,TRUE,10,347
KK,60100,Act5c,81,CG17797,100995 KK,female,TRUE,TRUE,10,784
KK,60100,Act5c,81,CG17797,100995 KK,male,TRUE,TRUE,10,425
KK,60100,Act5c,83,CG31668,104093 KK,female,TRUE,TRUE,10,484
KK,60100,Act5c,83,CG31668,104093 KK,male,TRUE,TRUE,10,130
KK,60100,Act5c,84,CG1924,102773 KK,female,TRUE,TRUE,10,1016
KK,60100,Act5c,84,CG1924,102773 KK,male,TRUE,TRUE,10,349
KK,60100,Act5c,85,CG18157,103346 KK,female,TRUE,TRUE,10,805
KK,60100,Act5c,85,CG18157,103346 KK,male,TRUE,TRUE,10,389
KK,60100,Act5c,86,CR11023,NV46,female,TRUE,TRUE,8,717
KK,60100,Act5c,86,CR11023,NV46,male,TRUE,TRUE,9,779
KK,60100,Act5c,87,CG13402,30051 GD and 110129 KK,female,TRUE,TRUE,7,449
KK,60100,Act5c,87,CG13402,30051 GD and 110129 KK,male,TRUE,TRUE,10,684
KK,60100,Act5c,88,CG4478,37704 GD and 102917 KK,female,TRUE,TRUE,10,851
KK,60100,Act5c,88,CG4478,37704 GD and 102917 KK,male,TRUE,TRUE,9,830
KK,60100,Act5c,89,CR31953,NVSQX89,female,TRUE,TRUE,6,406
KK,60100,Act5c,89,CR31953,NVSQX89,male,TRUE,TRUE,6,400
KK,60100,Act5c,90,CR32821,NVSQX90,female,TRUE,TRUE,9,656
KK,60100,Act5c,90,CR32821,NVSQX90,male,TRUE,TRUE,9,586
KK,60100,Act5c,91,CG33105,5843 GD and 109179 KK,female,TRUE,TRUE,8,705
KK,60100,Act5c,91,CG33105,5843 GD and 109179 KK,male,TRUE,TRUE,9,687
KK,60100,Act5c,92,CG5640,105986 KK,female,TRUE,TRUE,9,83
KK,60100,Act5c,92,CG5640,105986 KK,male,TRUE,TRUE,10,169
KK,60100,Act5c,93,CG17149,106147 KK,female,TRUE,TRUE,10,556
KK,60100,Act5c,93,CG17149,106147 KK,male,TRUE,TRUE,10,446
KK,60100,Act5c,94,CG11213,106008 KK,female,TRUE,TRUE,10,0
KK,60100,Act5c,94,CG11213,106008 KK,male,TRUE,TRUE,9,550
KK,60100,Act5c,95,CG34157,106401 KK,female,TRUE,TRUE,9,671
KK,60100,Act5c,95,CG34157,106401 KK,male,TRUE,TRUE,10,446
KK,60100,Act5c,96,CG42333,106559 KK,female,TRUE,TRUE,10,717
KK,60100,Act5c,96,CG42333,106559 KK,male,TRUE,TRUE,10,561
KK,60100,Act5c,97,CG42734,107369 KK,female,TRUE,TRUE,10,540
KK,60100,Act5c,97,CG42734,107369 KK,male,TRUE,TRUE,10,372
KK,60100,Act5c,98,CG9699,109398 KK,female,TRUE,TRUE,10,801
KK,60100,Act5c,98,CG9699,109398 KK,male,TRUE,TRUE,9,390
KK,60100,Act5c,99,CG12926,109580 KK,female,TRUE,TRUE,9,676
KK,60100,Act5c,99,CG12926,109580 KK,male,TRUE,TRUE,10,323
KK,60100,Act5c,100,CG1973,110214 KK,female,TRUE,TRUE,10,623
KK,60100,Act5c,100,CG1973,110214 KK,male,TRUE,TRUE,7,323
KK,60100,Act5c,101,CG42399,110484 KK,female,TRUE,TRUE,10,924
KK,60100,Act5c,101,CG42399,110484 KK,male,TRUE,TRUE,10,474
KK,60100,Act5c,102,CG43338,110509 KK,female,TRUE,TRUE,10,683
KK,60100,Act5c,102,CG43338,110509 KK,male,TRUE,TRUE,10,391
KK,60100,Act5c,103,CG1009,110657 KK,female,TRUE,TRUE,10,772
KK,60100,Act5c,103,CG1009,110657 KK,male,TRUE,TRUE,10,552
KK,60100,Act5c,104,CG9746,110706 KK,female,TRUE,TRUE,10,505
KK,60100,Act5c,104,CG9746,110706 KK,male,TRUE,TRUE,9,562
KK,60100,Act5c,105,CG13253,101249 KK,female,TRUE,TRUE,10,597
KK,60100,Act5c,105,CG13253,101249 KK,male,TRUE,TRUE,10,382
KK,60100,Act5c,106,CG5857,101264 KK,female,TRUE,TRUE,9,596
KK,60100,Act5c,106,CG5857,101264 KK,male,TRUE,TRUE,9,352
KK,60100,Act5c,107,CG42252,103449 KK,female,TRUE,TRUE,8,556
KK,60100,Act5c,107,CG42252,103449 KK,male,TRUE,TRUE,10,619
KK,60100,Act5c,108,CG2374,102739 KK,female,TRUE,TRUE,10,224
KK,60100,Act5c,108,CG2374,102739 KK,male,TRUE,TRUE,10,425
KK,60100,Act5c,109,CG30425,103332 KK,female,TRUE,TRUE,10,817
KK,60100,Act5c,109,CG30425,103332 KK,male,TRUE,TRUE,10,699
KK,60100,Act5c,110,CG18675,105164 KK,female,TRUE,TRUE,8,649
KK,60100,Act5c,110,CG18675,105164 KK,male,TRUE,TRUE,9,415
KK,60100,Act5c,111,CG1906,105483 KK,female,TRUE,TRUE,9,751
KK,60100,Act5c,111,CG1906,105483 KK,male,TRUE,TRUE,8,361
KK,60100,Act5c,112,CG12817,106952 KK,female,TRUE,TRUE,9,697
KK,60100,Act5c,112,CG12817,106952 KK,male,TRUE,TRUE,9,654
KK,60100,Act5c,113,CG7003,108076 KK,female,TRUE,TRUE,9,773
KK,60100,Act5c,113,CG7003,108076 KK,male,TRUE,TRUE,10,335
KK,60100,Act5c,114,CG1193,108168 KK,female,TRUE,TRUE,9,370
KK,60100,Act5c,114,CG1193,108168 KK,male,TRUE,TRUE,10,567
KK,60100,Act5c,115,CG8169,108638 KK,female,TRUE,TRUE,9,861
KK,60100,Act5c,115,CG8169,108638 KK,male,TRUE,TRUE,10,581
KK,60100,Act5c,116,CG1113,101239 KK,female,TRUE,TRUE,9,537
KK,60100,Act5c,116,CG1113,101239 KK,male,TRUE,TRUE,10,393
KK,60100,Act5c,117,CG32521,110002 KK,female,TRUE,TRUE,9,731
KK,60100,Act5c,117,CG32521,110002 KK,male,TRUE,TRUE,10,404
KK,60100,Act5c,118,CG1900,110563 KK,female,TRUE,TRUE,10,937
KK,60100,Act5c,118,CG1900,110563 KK,male,TRUE,TRUE,9,317
KK,60100,Act5c,119,CG42747,101775 KK,female,TRUE,TRUE,10,890
KK,60100,Act5c,119,CG42747,101775 KK,male,TRUE,TRUE,10,584
KK,60100,Act5c,120,CG13377,102820 KK,female,TRUE,TRUE,10,601
KK,60100,Act5c,120,CG13377,102820 KK,male,TRUE,TRUE,10,371
KK,60100,Act5c,121,CG42340,104521 KK,female,TRUE,TRUE,10,887
KK,60100,Act5c,121,CG42340,104521 KK,male,TRUE,TRUE,9,119
KK,60100,Act5c,122,CG33962,105029 KK,female,TRUE,TRUE,10,950
KK,60100,Act5c,122,CG33962,105029 KK,male,TRUE,TRUE,10,363
KK,60100,Act5c,123,CG43129,105040 KK,female,TRUE,TRUE,10,751
KK,60100,Act5c,123,CG43129,105040 KK,male,TRUE,TRUE,10,454
KK,60100,Act5c,124,CG4098,105277 KK,female,TRUE,TRUE,10,836
KK,60100,Act5c,124,CG4098,105277 KK,male,TRUE,TRUE,9,359
KK,60100,Act5c,125,CG43129,105788 KK,female,TRUE,TRUE,9,647
KK,60100,Act5c,125,CG43129,105788 KK,male,TRUE,TRUE,10,379
KK,60100,Act5c,NA,NA,NA,female,TRUE,FALSE,40,2594
KK,60100,Act5c,NA,NA,NA,male,TRUE,FALSE,40,1964
KK,60100,Nos-GAL4,4,CG14251,43585 GD and 102203 KK,female,TRUE,TRUE,29,1051
KK,60100,Nos-GAL4,4,CG14251,43585 GD and 102203 KK,male,TRUE,TRUE,30,1149
KK,60100,Nos-GAL4,5,CG1878,103148 KK,female,TRUE,TRUE,30,1614
KK,60100,Nos-GAL4,5,CG1878,103148 KK,male,TRUE,TRUE,30,1375
KK,60100,Nos-GAL4,6,CG32283,105013 KK,female,TRUE,TRUE,30,1482
KK,60100,Nos-GAL4,6,CG32283,105013 KK,male,TRUE,TRUE,30,1311
KK,60100,Nos-GAL4,10,CG6639,104307 KK,female,TRUE,TRUE,30,1171
KK,60100,Nos-GAL4,10,CG6639,104307 KK,male,TRUE,TRUE,29,1362
KK,60100,Nos-GAL4,11,CG16931,23534 GD and 106010 KK,female,TRUE,TRUE,17,1459
KK,60100,Nos-GAL4,11,CG16931,23534 GD and 106010 KK,male,TRUE,TRUE,30,1664
KK,60100,Nos-GAL4,15,CG8856,100928 KK,female,TRUE,TRUE,30,1991
KK,60100,Nos-GAL4,15,CG8856,100928 KK,male,TRUE,TRUE,30,1649
KK,60100,Nos-GAL4,16,CG7157,105453 KK,female,TRUE,TRUE,30,1658
KK,60100,Nos-GAL4,16,CG7157,105453 KK,male,TRUE,TRUE,30,1498
KK,60100,Nos-GAL4,18,CG3217,102373 KK,female,TRUE,TRUE,60,2362
KK,60100,Nos-GAL4,18,CG3217,102373 KK,male,TRUE,TRUE,60,2813
KK,60100,Nos-GAL4,19,CG14027,6957 GD and 106727 KK,female,TRUE,TRUE,30,1167
KK,60100,Nos-GAL4,19,CG14027,6957 GD and 106727 KK,male,TRUE,TRUE,30,1345
KK,60100,Nos-GAL4,21,CG33490,22221 GD and 101678 KK,female,TRUE,TRUE,30,721
KK,60100,Nos-GAL4,21,CG33490,22221 GD and 101678 KK,male,TRUE,TRUE,30,1254
KK,60100,Nos-GAL4,25,CG31932,42744 GD and 102860 KK,female,TRUE,TRUE,30,1269
KK,60100,Nos-GAL4,25,CG31932,42744 GD and 102860 KK,male,TRUE,TRUE,29,1226
KK,60100,Nos-GAL4,28,CG33533,107567 KK,female,TRUE,TRUE,30,898
KK,60100,Nos-GAL4,28,CG33533,107567 KK,male,TRUE,TRUE,30,1267
KK,60100,Nos-GAL4,29,NA,NA,female,TRUE,TRUE,23,826
KK,60100,Nos-GAL4,29,NA,NA,male,TRUE,TRUE,30,1349
KK,60100,Nos-GAL4,30,CG9720,100523 KK,female,TRUE,TRUE,30,983
KK,60100,Nos-GAL4,30,CG9720,100523 KK,male,TRUE,TRUE,30,1142
KK,60100,Nos-GAL4,34,CG32110,107634 KK,female,TRUE,TRUE,30,1811
KK,60100,Nos-GAL4,34,CG32110,107634 KK,male,TRUE,TRUE,30,1652
KK,60100,Nos-GAL4,35,CG31817,34004 GD and 109707 KK,female,TRUE,TRUE,30,1463
KK,60100,Nos-GAL4,35,CG31817,34004 GD and 109707 KK,male,TRUE,TRUE,30,1257
KK,60100,Nos-GAL4,36,CG13977,100415 KK,female,TRUE,TRUE,26,257
KK,60100,Nos-GAL4,36,CG13977,100415 KK,male,TRUE,TRUE,29,1052
KK,60100,Nos-GAL4,37,CG30450,101927 KK,female,TRUE,TRUE,30,1352
KK,60100,Nos-GAL4,37,CG30450,101927 KK,male,TRUE,TRUE,30,1062
KK,60100,Nos-GAL4,38,CG5372,100120 KK,female,TRUE,TRUE,30,1778
KK,60100,Nos-GAL4,38,CG5372,100120 KK,male,TRUE,TRUE,30,1391
KK,60100,Nos-GAL4,40,CG32368,103313 KK,female,TRUE,TRUE,30,2129
KK,60100,Nos-GAL4,40,CG32368,103313 KK,male,TRUE,TRUE,30,1619
KK,60100,Nos-GAL4,42,CG10232,100033 KK,female,TRUE,TRUE,29,1181
KK,60100,Nos-GAL4,42,CG10232,100033 KK,male,TRUE,TRUE,30,1334
KK,60100,Nos-GAL4,43,CG46386,100382 KK,female,TRUE,TRUE,28,922
KK,60100,Nos-GAL4,43,CG46386,100382 KK,male,TRUE,TRUE,30,1283
KK,60100,Nos-GAL4,45,CG7676,101813 KK,female,TRUE,TRUE,30,707
KK,60100,Nos-GAL4,45,CG7676,101813 KK,male,TRUE,TRUE,30,1130
KK,60100,Nos-GAL4,46,CG31208,102611 KK,female,TRUE,TRUE,30,1914
KK,60100,Nos-GAL4,46,CG31208,102611 KK,male,TRUE,TRUE,30,1718
KK,60100,Nos-GAL4,47,CG3410,107254 KK,female,TRUE,TRUE,30,1591
KK,60100,Nos-GAL4,47,CG3410,107254 KK,male,TRUE,TRUE,30,2017
KK,60100,Nos-GAL4,49,CG31782,100145 KK,female,TRUE,TRUE,30,1807
KK,60100,Nos-GAL4,49,CG31782,100145 KK,male,TRUE,TRUE,30,1895
KK,60100,Nos-GAL4,50,CG8953,106162 KK,female,TRUE,TRUE,30,1723
KK,60100,Nos-GAL4,50,CG8953,106162 KK,male,TRUE,TRUE,30,1532
KK,60100,Nos-GAL4,51,CG15734,103519 KK,female,TRUE,TRUE,30,1794
KK,60100,Nos-GAL4,51,CG15734,103519 KK,male,TRUE,TRUE,30,1677
KK,60100,Nos-GAL4,54,CG8219,103487 KK,female,TRUE,TRUE,30,2050
KK,60100,Nos-GAL4,54,CG8219,103487 KK,male,TRUE,TRUE,30,1712
KK,60100,Nos-GAL4,55,CG32580,105591 KK,female,TRUE,TRUE,30,956
KK,60100,Nos-GAL4,55,CG32580,105591 KK,male,TRUE,TRUE,29,1244
KK,60100,Nos-GAL4,57,CG32853,105546 KK,female,TRUE,TRUE,20,662
KK,60100,Nos-GAL4,57,CG32853,105546 KK,male,TRUE,TRUE,30,1149
KK,60100,Nos-GAL4,58,CG30150,101783 KK,female,TRUE,TRUE,30,934
KK,60100,Nos-GAL4,58,CG30150,101783 KK,male,TRUE,TRUE,30,1124
KK,60100,Nos-GAL4,59,CG5662,102645 KK,female,TRUE,TRUE,30,949
KK,60100,Nos-GAL4,59,CG5662,102645 KK,male,TRUE,TRUE,30,918
KK,60100,Nos-GAL4,60,CG2885,103311 KK,female,TRUE,TRUE,30,1088
KK,60100,Nos-GAL4,60,CG2885,103311 KK,male,TRUE,TRUE,30,1248
KK,60100,Nos-GAL4,61,CG13686,106450 KK,female,TRUE,TRUE,31,1349
KK,60100,Nos-GAL4,61,CG13686,106450 KK,male,TRUE,TRUE,30,1576
KK,60100,Nos-GAL4,64,CG10246,100143 KK,female,TRUE,TRUE,30,1284
KK,60100,Nos-GAL4,64,CG10246,100143 KK,male,TRUE,TRUE,30,1340
KK,60100,Nos-GAL4,65,CG1361,9706 GD and 109202 KK,female,TRUE,TRUE,29,1252
KK,60100,Nos-GAL4,65,CG1361,9706 GD and 109202 KK,male,TRUE,TRUE,30,1138
KK,60100,Nos-GAL4,67,NA,NA,female,TRUE,TRUE,30,736
KK,60100,Nos-GAL4,67,NA,NA,male,TRUE,TRUE,30,1162
KK,60100,Nos-GAL4,68,CG4477,39487 GD and 106868 KK,female,TRUE,TRUE,30,739
KK,60100,Nos-GAL4,68,CG4477,39487 GD and 106868 KK,male,TRUE,TRUE,30,1445
KK,60100,Nos-GAL4,71,CG43340,31006 GD and 104153 KK,female,TRUE,TRUE,29,932
KK,60100,Nos-GAL4,71,CG43340,31006 GD and 104153 KK,male,TRUE,TRUE,30,1553
KK,60100,Nos-GAL4,73,CG40635,110107 KK,female,TRUE,TRUE,30,1977
KK,60100,Nos-GAL4,73,CG40635,110107 KK,male,TRUE,TRUE,30,1725
KK,60100,Nos-GAL4,74,CG12725,103003 KK,female,TRUE,TRUE,30,1326
KK,60100,Nos-GAL4,74,CG12725,103003 KK,male,TRUE,TRUE,30,1415
KK,60100,Nos-GAL4,75,CG17440,104733 KK,female,TRUE,TRUE,30,1077
KK,60100,Nos-GAL4,75,CG17440,104733 KK,male,TRUE,TRUE,30,1145
KK,60100,Nos-GAL4,76,CG5334,102765 KK,female,TRUE,TRUE,30,1651
KK,60100,Nos-GAL4,76,CG5334,102765 KK,male,TRUE,TRUE,30,1452
KK,60100,Nos-GAL4,77,CG12493,102360 KK,female,TRUE,TRUE,30,798
KK,60100,Nos-GAL4,77,CG12493,102360 KK,male,TRUE,TRUE,30,1169
KK,60100,Nos-GAL4,78,CG11942,109539 KK,female,TRUE,TRUE,30,1085
KK,60100,Nos-GAL4,78,CG11942,109539 KK,male,TRUE,TRUE,30,948
KK,60100,Nos-GAL4,79,CG15578,105846 KK,female,TRUE,TRUE,30,1677
KK,60100,Nos-GAL4,79,CG15578,105846 KK,male,TRUE,TRUE,30,1859
KK,60100,Nos-GAL4,80,CG14810,109519 KK,female,TRUE,TRUE,30,1952
KK,60100,Nos-GAL4,80,CG14810,109519 KK,male,TRUE,TRUE,27,1621
KK,60100,Nos-GAL4,81,CG17797,100995 KK,female,TRUE,TRUE,30,1483
KK,60100,Nos-GAL4,81,CG17797,100995 KK,male,TRUE,TRUE,30,1440
KK,60100,Nos-GAL4,83,CG31668,104093 KK,female,TRUE,TRUE,30,1035
KK,60100,Nos-GAL4,83,CG31668,104093 KK,male,TRUE,TRUE,30,1350
KK,60100,Nos-GAL4,84,CG1924,102773 KK,female,TRUE,TRUE,30,1151
KK,60100,Nos-GAL4,84,CG1924,102773 KK,male,TRUE,TRUE,30,1303
KK,60100,Nos-GAL4,85,CG18157,103346 KK,female,TRUE,TRUE,28,1148
KK,60100,Nos-GAL4,85,CG18157,103346 KK,male,TRUE,TRUE,30,1344
KK,60100,Nos-GAL4,87,CG13402,30051 GD and 110129 KK,female,TRUE,TRUE,30,1319
KK,60100,Nos-GAL4,87,CG13402,30051 GD and 110129 KK,male,TRUE,TRUE,30,1087
KK,60100,Nos-GAL4,88,CG4478,37704 GD and 102917 KK,female,TRUE,TRUE,30,1000
KK,60100,Nos-GAL4,88,CG4478,37704 GD and 102917 KK,male,TRUE,TRUE,30,1431
KK,60100,Nos-GAL4,89,CR31953,NVSQX89,female,TRUE,TRUE,30,821
KK,60100,Nos-GAL4,89,CR31953,NVSQX89,male,TRUE,TRUE,30,944
KK,60100,Nos-GAL4,90,CR32821,NVSQX90,female,TRUE,TRUE,28,945
KK,60100,Nos-GAL4,90,CR32821,NVSQX90,male,TRUE,TRUE,30,1066
KK,60100,Nos-GAL4,91,CG33105,5843 GD and 109179 KK,female,TRUE,TRUE,30,1390
KK,60100,Nos-GAL4,91,CG33105,5843 GD and 109179 KK,male,TRUE,TRUE,30,1329
KK,60100,Nos-GAL4,NA,NA,NA,female,TRUE,FALSE,239,10927
KK,60100,Nos-GAL4,NA,NA,NA,male,TRUE,FALSE,239,11140
KK,60100,Tubp-GAL4,2,CG7815,22567 GD and 109695 KK,female,TRUE,TRUE,10,519
KK,60100,Tubp-GAL4,2,CG7815,22567 GD and 109695 KK,male,TRUE,TRUE,10,482
KK,60100,Tubp-GAL4,3,CG32021,102286 KK,female,TRUE,TRUE,10,629
KK,60100,Tubp-GAL4,3,CG32021,102286 KK,male,TRUE,TRUE,10,517
KK,60100,Tubp-GAL4,5,CG1878,103148 KK,female,TRUE,TRUE,10,530
KK,60100,Tubp-GAL4,5,CG1878,103148 KK,male,TRUE,TRUE,10,352
KK,60100,Tubp-GAL4,6,CG32283,105013 KK,female,TRUE,TRUE,10,654
KK,60100,Tubp-GAL4,6,CG32283,105013 KK,male,TRUE,TRUE,10,426
KK,60100,Tubp-GAL4,9,CG10852,106565 KK,female,TRUE,TRUE,10,744
KK,60100,Tubp-GAL4,9,CG10852,106565 KK,male,TRUE,TRUE,10,501
KK,60100,Tubp-GAL4,10,CG6639,104307 KK,female,TRUE,TRUE,10,729
KK,60100,Tubp-GAL4,10,CG6639,104307 KK,male,TRUE,TRUE,10,376
KK,60100,Tubp-GAL4,15,CG8856,100928 KK,female,TRUE,TRUE,10,616
KK,60100,Tubp-GAL4,15,CG8856,100928 KK,male,TRUE,TRUE,10,387
KK,60100,Tubp-GAL4,16,CG7157,105453 KK,female,TRUE,TRUE,10,682
KK,60100,Tubp-GAL4,16,CG7157,105453 KK,male,TRUE,TRUE,10,472
KK,60100,Tubp-GAL4,17,CG15882,104267 KK,female,TRUE,TRUE,10,617
KK,60100,Tubp-GAL4,17,CG15882,104267 KK,male,TRUE,TRUE,10,452
KK,60100,Tubp-GAL4,18,CG3217,102373 KK,female,TRUE,TRUE,9,534
KK,60100,Tubp-GAL4,18,CG3217,102373 KK,male,TRUE,TRUE,10,571
KK,60100,Tubp-GAL4,21,CG33490,22221 GD and 101678 KK,female,TRUE,TRUE,10,780
KK,60100,Tubp-GAL4,21,CG33490,22221 GD and 101678 KK,male,TRUE,TRUE,10,598
KK,60100,Tubp-GAL4,26,CG4691,21920 GD and 109704 KK,female,TRUE,TRUE,10,769
KK,60100,Tubp-GAL4,26,CG4691,21920 GD and 109704 KK,male,TRUE,TRUE,10,56
KK,60100,Tubp-GAL4,28,CG33533,107567 KK,female,TRUE,TRUE,10,734
KK,60100,Tubp-GAL4,28,CG33533,107567 KK,male,TRUE,TRUE,10,539
KK,60100,Tubp-GAL4,30,CG9720,100523 KK,female,TRUE,TRUE,9,602
KK,60100,Tubp-GAL4,30,CG9720,100523 KK,male,TRUE,TRUE,10,435
KK,60100,Tubp-GAL4,34,CG32110,107634 KK,female,TRUE,TRUE,10,674
KK,60100,Tubp-GAL4,34,CG32110,107634 KK,male,TRUE,TRUE,10,405
KK,60100,Tubp-GAL4,35,CG31817,34004 GD and 109707 KK,female,TRUE,TRUE,10,795
KK,60100,Tubp-GAL4,35,CG31817,34004 GD and 109707 KK,male,TRUE,TRUE,10,801
KK,60100,Tubp-GAL4,36,CG13977,100415 KK,female,TRUE,TRUE,8,646
KK,60100,Tubp-GAL4,36,CG13977,100415 KK,male,TRUE,TRUE,9,481
KK,60100,Tubp-GAL4,37,CG30450,101927 KK,female,TRUE,TRUE,10,707
KK,60100,Tubp-GAL4,37,CG30450,101927 KK,male,TRUE,TRUE,9,489
KK,60100,Tubp-GAL4,40,CG32368,103313 KK,female,TRUE,TRUE,10,660
KK,60100,Tubp-GAL4,40,CG32368,103313 KK,male,TRUE,TRUE,10,491
KK,60100,Tubp-GAL4,42,CG10232,100033 KK,female,TRUE,TRUE,9,565
KK,60100,Tubp-GAL4,42,CG10232,100033 KK,male,TRUE,TRUE,10,457
KK,60100,Tubp-GAL4,43,CG46386,100382 KK,female,TRUE,TRUE,10,710
KK,60100,Tubp-GAL4,43,CG46386,100382 KK,male,TRUE,TRUE,10,542
KK,60100,Tubp-GAL4,45,CG7676,101813 KK,female,TRUE,TRUE,9,502
KK,60100,Tubp-GAL4,45,CG7676,101813 KK,male,TRUE,TRUE,10,220
KK,60100,Tubp-GAL4,46,CG31208,102611 KK,female,TRUE,TRUE,10,632
KK,60100,Tubp-GAL4,46,CG31208,102611 KK,male,TRUE,TRUE,9,510
KK,60100,Tubp-GAL4,47,CG3410,107254 KK,female,TRUE,TRUE,10,697
KK,60100,Tubp-GAL4,47,CG3410,107254 KK,male,TRUE,TRUE,10,481
KK,60100,Tubp-GAL4,49,CG31782,100145 KK,female,TRUE,TRUE,10,490
KK,60100,Tubp-GAL4,49,CG31782,100145 KK,male,TRUE,TRUE,10,590
KK,60100,Tubp-GAL4,50,CG8953,106162 KK,female,TRUE,TRUE,10,614
KK,60100,Tubp-GAL4,50,CG8953,106162 KK,male,TRUE,TRUE,10,444
KK,60100,Tubp-GAL4,51,CG15734,103519 KK,female,TRUE,TRUE,10,697
KK,60100,Tubp-GAL4,51,CG15734,103519 KK,male,TRUE,TRUE,10,517
KK,60100,Tubp-GAL4,53,CR18228,101647 KK,female,TRUE,TRUE,9,531
KK,60100,Tubp-GAL4,53,CR18228,101647 KK,male,TRUE,TRUE,10,500
KK,60100,Tubp-GAL4,54,CG8219,103487 KK,female,TRUE,TRUE,10,651
KK,60100,Tubp-GAL4,54,CG8219,103487 KK,male,TRUE,TRUE,10,485
KK,60100,Tubp-GAL4,55,CG32580,105591 KK,female,TRUE,TRUE,10,556
KK,60100,Tubp-GAL4,55,CG32580,105591 KK,male,TRUE,TRUE,10,530
KK,60100,Tubp-GAL4,57,CG32853,105546 KK,male,TRUE,TRUE,10,198
KK,60100,Tubp-GAL4,59,CG5662,102645 KK,female,TRUE,TRUE,10,271
KK,60100,Tubp-GAL4,59,CG5662,102645 KK,male,TRUE,TRUE,9,164
KK,60100,Tubp-GAL4,60,CG2885,103311 KK,female,TRUE,TRUE,9,526
KK,60100,Tubp-GAL4,60,CG2885,103311 KK,male,TRUE,TRUE,10,394
KK,60100,Tubp-GAL4,61,CG13686,106450 KK,female,TRUE,TRUE,9,486
KK,60100,Tubp-GAL4,61,CG13686,106450 KK,male,TRUE,TRUE,10,292
KK,60100,Tubp-GAL4,64,CG10246,100143 KK,female,TRUE,TRUE,9,782
KK,60100,Tubp-GAL4,64,CG10246,100143 KK,male,TRUE,TRUE,10,349
KK,60100,Tubp-GAL4,73,CG40635,110107 KK,female,TRUE,TRUE,10,740
KK,60100,Tubp-GAL4,73,CG40635,110107 KK,male,TRUE,TRUE,9,413
KK,60100,Tubp-GAL4,74,CG12725,103003 KK,female,TRUE,TRUE,10,784
KK,60100,Tubp-GAL4,74,CG12725,103003 KK,male,TRUE,TRUE,10,421
KK,60100,Tubp-GAL4,75,CG17440,104733 KK,female,TRUE,TRUE,10,751
KK,60100,Tubp-GAL4,75,CG17440,104733 KK,male,TRUE,TRUE,10,465
KK,60100,Tubp-GAL4,76,CG5334,102765 KK,female,TRUE,TRUE,10,625
KK,60100,Tubp-GAL4,76,CG5334,102765 KK,male,TRUE,TRUE,10,601
KK,60100,Tubp-GAL4,77,CG12493,102360 KK,female,TRUE,TRUE,9,629
KK,60100,Tubp-GAL4,77,CG12493,102360 KK,male,TRUE,TRUE,10,377
KK,60100,Tubp-GAL4,78,CG11942,109539 KK,female,TRUE,TRUE,10,884
KK,60100,Tubp-GAL4,78,CG11942,109539 KK,male,TRUE,TRUE,10,485
KK,60100,Tubp-GAL4,79,CG15578,105846 KK,female,TRUE,TRUE,9,820
KK,60100,Tubp-GAL4,79,CG15578,105846 KK,male,TRUE,TRUE,10,467
KK,60100,Tubp-GAL4,80,CG14810,109519 KK,female,TRUE,TRUE,10,803
KK,60100,Tubp-GAL4,80,CG14810,109519 KK,male,TRUE,TRUE,10,390
KK,60100,Tubp-GAL4,81,CG17797,100995 KK,female,TRUE,TRUE,9,757
KK,60100,Tubp-GAL4,81,CG17797,100995 KK,male,TRUE,TRUE,10,397
KK,60100,Tubp-GAL4,83,CG31668,104093 KK,female,TRUE,TRUE,9,604
KK,60100,Tubp-GAL4,83,CG31668,104093 KK,male,TRUE,TRUE,7,252
KK,60100,Tubp-GAL4,84,CG1924,102773 KK,female,TRUE,TRUE,7,455
KK,60100,Tubp-GAL4,84,CG1924,102773 KK,male,TRUE,TRUE,10,417
KK,60100,Tubp-GAL4,85,CG18157,103346 KK,female,TRUE,TRUE,9,707
KK,60100,Tubp-GAL4,85,CG18157,103346 KK,male,TRUE,TRUE,10,610
KK,60100,Tubp-GAL4,86,CR11023,NV46,female,TRUE,TRUE,9,782
KK,60100,Tubp-GAL4,86,CR11023,NV46,male,TRUE,TRUE,8,748
KK,60100,Tubp-GAL4,87,CG13402,30051 GD and 110129 KK,female,TRUE,TRUE,4,305
KK,60100,Tubp-GAL4,87,CG13402,30051 GD and 110129 KK,male,TRUE,TRUE,10,857
KK,60100,Tubp-GAL4,88,CG4478,37704 GD and 102917 KK,female,TRUE,TRUE,8,876
KK,60100,Tubp-GAL4,88,CG4478,37704 GD and 102917 KK,male,TRUE,TRUE,10,901
KK,60100,Tubp-GAL4,89,CR31953,NVSQX89,female,TRUE,TRUE,9,714
KK,60100,Tubp-GAL4,89,CR31953,NVSQX89,male,TRUE,TRUE,10,760
KK,60100,Tubp-GAL4,90,CR32821,NVSQX90,female,TRUE,TRUE,5,450
KK,60100,Tubp-GAL4,90,CR32821,NVSQX90,male,TRUE,TRUE,4,433
KK,60100,Tubp-GAL4,91,CG33105,5843 GD and 109179 KK,female,TRUE,TRUE,10,772
KK,60100,Tubp-GAL4,91,CG33105,5843 GD and 109179 KK,male,TRUE,TRUE,10,819
KK,60100,Tubp-GAL4,92,CG5640,105986 KK,female,TRUE,TRUE,10,0
KK,60100,Tubp-GAL4,92,CG5640,105986 KK,male,TRUE,TRUE,10,0
KK,60100,Tubp-GAL4,93,CG17149,106147 KK,female,TRUE,TRUE,10,240
KK,60100,Tubp-GAL4,94,CG11213,106008 KK,female,TRUE,TRUE,10,0
KK,60100,Tubp-GAL4,94,CG11213,106008 KK,male,TRUE,TRUE,10,155
KK,60100,Tubp-GAL4,95,CG34157,106401 KK,female,TRUE,TRUE,9,600
KK,60100,Tubp-GAL4,95,CG34157,106401 KK,male,TRUE,TRUE,10,281
KK,60100,Tubp-GAL4,96,CG42333,106559 KK,female,TRUE,TRUE,9,715
KK,60100,Tubp-GAL4,96,CG42333,106559 KK,male,TRUE,TRUE,9,423
KK,60100,Tubp-GAL4,97,CG42734,107369 KK,female,TRUE,TRUE,7,629
KK,60100,Tubp-GAL4,97,CG42734,107369 KK,male,TRUE,TRUE,10,378
KK,60100,Tubp-GAL4,98,CG9699,109398 KK,female,TRUE,TRUE,9,643
KK,60100,Tubp-GAL4,98,CG9699,109398 KK,male,TRUE,TRUE,10,411
KK,60100,Tubp-GAL4,99,CG12926,109580 KK,female,TRUE,TRUE,8,432
KK,60100,Tubp-GAL4,99,CG12926,109580 KK,male,TRUE,TRUE,10,311
KK,60100,Tubp-GAL4,100,CG1973,110214 KK,female,TRUE,TRUE,10,472
KK,60100,Tubp-GAL4,100,CG1973,110214 KK,male,TRUE,TRUE,10,381
KK,60100,Tubp-GAL4,101,CG42399,110484 KK,female,TRUE,TRUE,8,615
KK,60100,Tubp-GAL4,101,CG42399,110484 KK,male,TRUE,TRUE,10,446
KK,60100,Tubp-GAL4,102,CG43338,110509 KK,female,TRUE,TRUE,9,528
KK,60100,Tubp-GAL4,102,CG43338,110509 KK,male,TRUE,TRUE,10,489
KK,60100,Tubp-GAL4,103,CG1009,110657 KK,female,TRUE,TRUE,9,715
KK,60100,Tubp-GAL4,103,CG1009,110657 KK,male,TRUE,TRUE,9,435
KK,60100,Tubp-GAL4,105,CG13253,101249 KK,female,TRUE,TRUE,10,458
KK,60100,Tubp-GAL4,105,CG13253,101249 KK,male,TRUE,TRUE,10,418
KK,60100,Tubp-GAL4,106,CG5857,101264 KK,female,TRUE,TRUE,9,268
KK,60100,Tubp-GAL4,106,CG5857,101264 KK,male,TRUE,TRUE,9,394
KK,60100,Tubp-GAL4,107,CG42252,103449 KK,female,TRUE,TRUE,9,498
KK,60100,Tubp-GAL4,107,CG42252,103449 KK,male,TRUE,TRUE,10,474
KK,60100,Tubp-GAL4,108,CG2374,102739 KK,female,TRUE,TRUE,10,1
KK,60100,Tubp-GAL4,108,CG2374,102739 KK,male,TRUE,TRUE,10,469
KK,60100,Tubp-GAL4,109,CG30425,103332 KK,female,TRUE,TRUE,8,678
KK,60100,Tubp-GAL4,109,CG30425,103332 KK,male,TRUE,TRUE,9,623
KK,60100,Tubp-GAL4,110,CG18675,105164 KK,female,TRUE,TRUE,8,540
KK,60100,Tubp-GAL4,110,CG18675,105164 KK,male,TRUE,TRUE,10,0
KK,60100,Tubp-GAL4,111,CG1906,105483 KK,female,TRUE,TRUE,8,563
KK,60100,Tubp-GAL4,111,CG1906,105483 KK,male,TRUE,TRUE,10,522
KK,60100,Tubp-GAL4,112,CG12817,106952 KK,female,TRUE,TRUE,10,674
KK,60100,Tubp-GAL4,112,CG12817,106952 KK,male,TRUE,TRUE,9,589
KK,60100,Tubp-GAL4,113,CG7003,108076 KK,female,TRUE,TRUE,10,837
KK,60100,Tubp-GAL4,113,CG7003,108076 KK,male,TRUE,TRUE,10,571
KK,60100,Tubp-GAL4,114,CG1193,108168 KK,female,TRUE,TRUE,10,369
KK,60100,Tubp-GAL4,114,CG1193,108168 KK,male,TRUE,TRUE,10,495
KK,60100,Tubp-GAL4,115,CG8169,108638 KK,female,TRUE,TRUE,10,874
KK,60100,Tubp-GAL4,115,CG8169,108638 KK,male,TRUE,TRUE,10,611
KK,60100,Tubp-GAL4,116,CG1113,101239 KK,female,TRUE,TRUE,10,504
KK,60100,Tubp-GAL4,116,CG1113,101239 KK,male,TRUE,TRUE,10,367
KK,60100,Tubp-GAL4,117,CG32521,110002 KK,female,TRUE,TRUE,7,673
KK,60100,Tubp-GAL4,117,CG32521,110002 KK,male,TRUE,TRUE,10,631
KK,60100,Tubp-GAL4,118,CG1900,110563 KK,female,TRUE,TRUE,10,881
KK,60100,Tubp-GAL4,118,CG1900,110563 KK,male,TRUE,TRUE,10,256
KK,60100,Tubp-GAL4,119,CG42747,101775 KK,female,TRUE,TRUE,8,694
KK,60100,Tubp-GAL4,119,CG42747,101775 KK,male,TRUE,TRUE,10,736
KK,60100,Tubp-GAL4,120,CG13377,102820 KK,female,TRUE,TRUE,10,629
KK,60100,Tubp-GAL4,120,CG13377,102820 KK,male,TRUE,TRUE,10,415
KK,60100,Tubp-GAL4,121,CG42340,104521 KK,female,TRUE,TRUE,10,777
KK,60100,Tubp-GAL4,121,CG42340,104521 KK,male,TRUE,TRUE,9,284
KK,60100,Tubp-GAL4,122,CG33962,105029 KK,female,TRUE,TRUE,10,12
KK,60100,Tubp-GAL4,122,CG33962,105029 KK,male,TRUE,TRUE,10,128
KK,60100,Tubp-GAL4,123,CG43129,105040 KK,female,TRUE,TRUE,10,798
KK,60100,Tubp-GAL4,123,CG43129,105040 KK,male,TRUE,TRUE,10,654
KK,60100,Tubp-GAL4,124,CG4098,105277 KK,female,TRUE,TRUE,9,648
KK,60100,Tubp-GAL4,124,CG4098,105277 KK,male,TRUE,TRUE,10,352
KK,60100,Tubp-GAL4,125,CG43129,105788 KK,female,TRUE,TRUE,10,690
KK,60100,Tubp-GAL4,125,CG43129,105788 KK,male,TRUE,TRUE,9,289
KK,60100,Tubp-GAL4,NA,NA,NA,female,TRUE,FALSE,40,2388
KK,60100,Tubp-GAL4,NA,NA,NA,male,TRUE,FALSE,40,1849
KK,60100,NA,2,CG7815,22567 GD and 109695 KK,female,FALSE,TRUE,10,489
KK,60100,NA,2,CG7815,22567 GD and 109695 KK,male,FALSE,TRUE,10,461
KK,60100,NA,3,CG32021,102286 KK,female,FALSE,TRUE,10,616
KK,60100,NA,3,CG32021,102286 KK,male,FALSE,TRUE,10,596
KK,60100,NA,5,CG1878,103148 KK,female,FALSE,TRUE,10,455
KK,60100,NA,5,CG1878,103148 KK,male,FALSE,TRUE,10,469
KK,60100,NA,6,CG32283,105013 KK,female,FALSE,TRUE,10,663
KK,60100,NA,6,CG32283,105013 KK,male,FALSE,TRUE,10,529
KK,60100,NA,9,CG10852,106565 KK,female,FALSE,TRUE,10,442
KK,60100,NA,9,CG10852,106565 KK,male,FALSE,TRUE,10,447
KK,60100,NA,10,CG6639,104307 KK,female,FALSE,TRUE,10,495
KK,60100,NA,10,CG6639,104307 KK,male,FALSE,TRUE,10,397
KK,60100,NA,15,CG8856,100928 KK,female,FALSE,TRUE,10,633
KK,60100,NA,15,CG8856,100928 KK,male,FALSE,TRUE,10,688
KK,60100,NA,16,CG7157,105453 KK,female,FALSE,TRUE,10,488
KK,60100,NA,16,CG7157,105453 KK,male,FALSE,TRUE,10,457
KK,60100,NA,17,CG15882,104267 KK,female,FALSE,TRUE,10,418
KK,60100,NA,17,CG15882,104267 KK,male,FALSE,TRUE,10,472
KK,60100,NA,18,CG3217,102373 KK,female,FALSE,TRUE,10,528
KK,60100,NA,18,CG3217,102373 KK,male,FALSE,TRUE,8,368
KK,60100,NA,21,CG33490,22221 GD and 101678 KK,female,FALSE,TRUE,10,694
KK,60100,NA,21,CG33490,22221 GD and 101678 KK,male,FALSE,TRUE,10,479
KK,60100,NA,26,CG4691,21920 GD and 109704 KK,female,FALSE,TRUE,10,439
KK,60100,NA,26,CG4691,21920 GD and 109704 KK,male,FALSE,TRUE,10,462
KK,60100,NA,28,CG33533,107567 KK,female,FALSE,TRUE,10,888
KK,60100,NA,28,CG33533,107567 KK,male,FALSE,TRUE,10,537
KK,60100,NA,30,CG9720,100523 KK,female,FALSE,TRUE,5,293
KK,60100,NA,30,CG9720,100523 KK,male,FALSE,TRUE,10,497
KK,60100,NA,34,CG32110,107634 KK,female,FALSE,TRUE,10,645
KK,60100,NA,34,CG32110,107634 KK,male,FALSE,TRUE,10,320
KK,60100,NA,35,CG31817,34004 GD and 109707 KK,female,FALSE,TRUE,10,692
KK,60100,NA,35,CG31817,34004 GD and 109707 KK,male,FALSE,TRUE,9,643
KK,60100,NA,36,CG13977,100415 KK,female,FALSE,TRUE,10,707
KK,60100,NA,36,CG13977,100415 KK,male,FALSE,TRUE,10,619
KK,60100,NA,37,CG30450,101927 KK,female,FALSE,TRUE,10,590
KK,60100,NA,37,CG30450,101927 KK,male,FALSE,TRUE,10,492
KK,60100,NA,38,CG5372,100120 KK,female,FALSE,TRUE,10,701
KK,60100,NA,38,CG5372,100120 KK,male,FALSE,TRUE,10,582
KK,60100,NA,40,CG32368,103313 KK,female,FALSE,TRUE,10,527
KK,60100,NA,40,CG32368,103313 KK,male,FALSE,TRUE,10,474
KK,60100,NA,42,CG10232,100033 KK,female,FALSE,TRUE,10,559
KK,60100,NA,42,CG10232,100033 KK,male,FALSE,TRUE,10,474
KK,60100,NA,43,CG46386,100382 KK,female,FALSE,TRUE,10,476
KK,60100,NA,43,CG46386,100382 KK,male,FALSE,TRUE,9,382
KK,60100,NA,45,CG7676,101813 KK,female,FALSE,TRUE,8,479
KK,60100,NA,45,CG7676,101813 KK,male,FALSE,TRUE,10,593
KK,60100,NA,46,CG31208,102611 KK,female,FALSE,TRUE,9,439
KK,60100,NA,46,CG31208,102611 KK,male,FALSE,TRUE,10,470
KK,60100,NA,47,CG3410,107254 KK,female,FALSE,TRUE,10,618
KK,60100,NA,47,CG3410,107254 KK,male,FALSE,TRUE,10,568
KK,60100,NA,49,CG31782,100145 KK,female,FALSE,TRUE,10,399
KK,60100,NA,49,CG31782,100145 KK,male,FALSE,TRUE,10,565
KK,60100,NA,50,CG8953,106162 KK,female,FALSE,TRUE,10,561
KK,60100,NA,50,CG8953,106162 KK,male,FALSE,TRUE,10,415
KK,60100,NA,51,CG15734,103519 KK,female,FALSE,TRUE,10,447
KK,60100,NA,51,CG15734,103519 KK,male,FALSE,TRUE,10,632
KK,60100,NA,53,CR18228,101647 KK,female,FALSE,TRUE,9,482
KK,60100,NA,53,CR18228,101647 KK,male,FALSE,TRUE,10,676
KK,60100,NA,54,CG8219,103487 KK,female,FALSE,TRUE,10,512
KK,60100,NA,54,CG8219,103487 KK,male,FALSE,TRUE,10,586
KK,60100,NA,55,CG32580,105591 KK,female,FALSE,TRUE,9,593
KK,60100,NA,55,CG32580,105591 KK,male,FALSE,TRUE,9,528
KK,60100,NA,57,CG32853,105546 KK,male,FALSE,TRUE,10,394
KK,60100,NA,58,CG30150,101783 KK,female,FALSE,TRUE,8,335
KK,60100,NA,58,CG30150,101783 KK,male,FALSE,TRUE,10,406
KK,60100,NA,59,CG5662,102645 KK,female,FALSE,TRUE,10,449
KK,60100,NA,59,CG5662,102645 KK,male,FALSE,TRUE,10,400
KK,60100,NA,60,CG2885,103311 KK,female,FALSE,TRUE,9,329
KK,60100,NA,60,CG2885,103311 KK,male,FALSE,TRUE,9,400
KK,60100,NA,61,CG13686,106450 KK,female,FALSE,TRUE,10,483
KK,60100,NA,61,CG13686,106450 KK,male,FALSE,TRUE,10,475
KK,60100,NA,62,NA,NA,female,FALSE,TRUE,10,512
KK,60100,NA,62,NA,NA,male,FALSE,TRUE,10,502
KK,60100,NA,64,CG10246,100143 KK,female,FALSE,TRUE,9,502
KK,60100,NA,64,CG10246,100143 KK,male,FALSE,TRUE,10,356
KK,60100,NA,73,CG40635,110107 KK,female,FALSE,TRUE,10,471
KK,60100,NA,73,CG40635,110107 KK,male,FALSE,TRUE,10,434
KK,60100,NA,74,CG12725,103003 KK,female,FALSE,TRUE,10,474
KK,60100,NA,74,CG12725,103003 KK,male,FALSE,TRUE,10,473
KK,60100,NA,75,CG17440,104733 KK,female,FALSE,TRUE,7,352
KK,60100,NA,75,CG17440,104733 KK,male,FALSE,TRUE,10,540
KK,60100,NA,76,CG5334,102765 KK,female,FALSE,TRUE,10,604
KK,60100,NA,76,CG5334,102765 KK,male,FALSE,TRUE,10,660
KK,60100,NA,77,CG12493,102360 KK,female,FALSE,TRUE,10,686
KK,60100,NA,77,CG12493,102360 KK,male,FALSE,TRUE,10,517
KK,60100,NA,78,CG11942,109539 KK,female,FALSE,TRUE,10,540
KK,60100,NA,78,CG11942,109539 KK,male,FALSE,TRUE,10,561
KK,60100,NA,79,CG15578,105846 KK,female,FALSE,TRUE,9,546
KK,60100,NA,79,CG15578,105846 KK,male,FALSE,TRUE,9,300
KK,60100,NA,80,CG14810,109519 KK,female,FALSE,TRUE,10,784
KK,60100,NA,80,CG14810,109519 KK,male,FALSE,TRUE,10,668
KK,60100,NA,81,CG17797,100995 KK,female,FALSE,TRUE,9,435
KK,60100,NA,81,CG17797,100995 KK,male,FALSE,TRUE,10,434
KK,60100,NA,83,CG31668,104093 KK,female,FALSE,TRUE,9,494
KK,60100,NA,83,CG31668,104093 KK,male,FALSE,TRUE,10,381
KK,60100,NA,84,CG1924,102773 KK,female,FALSE,TRUE,10,637
KK,60100,NA,84,CG1924,102773 KK,male,FALSE,TRUE,10,462
KK,60100,NA,85,CG18157,103346 KK,female,FALSE,TRUE,9,477
KK,60100,NA,85,CG18157,103346 KK,male,FALSE,TRUE,10,464
KK,60100,NA,86,CR11023,NV46,female,FALSE,TRUE,10,830
KK,60100,NA,86,CR11023,NV46,male,FALSE,TRUE,10,675
KK,60100,NA,87,CG13402,30051 GD and 110129 KK,female,FALSE,TRUE,5,352
KK,60100,NA,87,CG13402,30051 GD and 110129 KK,male,FALSE,TRUE,10,750
KK,60100,NA,88,CG4478,37704 GD and 102917 KK,female,FALSE,TRUE,9,555
KK,60100,NA,88,CG4478,37704 GD and 102917 KK,male,FALSE,TRUE,10,695
KK,60100,NA,89,CR31953,NVSQX89,female,FALSE,TRUE,5,310
KK,60100,NA,89,CR31953,NVSQX89,male,FALSE,TRUE,7,571
KK,60100,NA,90,CR32821,NVSQX90,female,FALSE,TRUE,8,581
KK,60100,NA,90,CR32821,NVSQX90,male,FALSE,TRUE,9,557
KK,60100,NA,91,CG33105,5843 GD and 109179 KK,female,FALSE,TRUE,9,686
KK,60100,NA,91,CG33105,5843 GD and 109179 KK,male,FALSE,TRUE,10,691
KK,60100,NA,92,CG5640,105986 KK,female,FALSE,TRUE,9,316
KK,60100,NA,92,CG5640,105986 KK,male,FALSE,TRUE,9,451
KK,60100,NA,93,CG17149,106147 KK,female,FALSE,TRUE,9,563
KK,60100,NA,93,CG17149,106147 KK,male,FALSE,TRUE,10,283
KK,60100,NA,94,CG11213,106008 KK,female,FALSE,TRUE,10,740
KK,60100,NA,94,CG11213,106008 KK,male,FALSE,TRUE,10,572
KK,60100,NA,95,CG34157,106401 KK,female,FALSE,TRUE,10,617
KK,60100,NA,95,CG34157,106401 KK,male,FALSE,TRUE,10,464
KK,60100,NA,96,CG42333,106559 KK,female,FALSE,TRUE,9,569
KK,60100,NA,96,CG42333,106559 KK,male,FALSE,TRUE,10,547
KK,60100,NA,97,CG42734,107369 KK,female,FALSE,TRUE,8,461
KK,60100,NA,97,CG42734,107369 KK,male,FALSE,TRUE,10,448
KK,60100,NA,98,CG9699,109398 KK,female,FALSE,TRUE,9,423
KK,60100,NA,98,CG9699,109398 KK,male,FALSE,TRUE,8,359
KK,60100,NA,99,CG12926,109580 KK,female,FALSE,TRUE,9,392
KK,60100,NA,99,CG12926,109580 KK,male,FALSE,TRUE,7,289
KK,60100,NA,100,CG1973,110214 KK,female,FALSE,TRUE,10,789
KK,60100,NA,100,CG1973,110214 KK,male,FALSE,TRUE,9,351
KK,60100,NA,101,CG42399,110484 KK,female,FALSE,TRUE,10,603
KK,60100,NA,101,CG42399,110484 KK,male,FALSE,TRUE,10,500
KK,60100,NA,102,CG43338,110509 KK,female,FALSE,TRUE,10,453
KK,60100,NA,102,CG43338,110509 KK,male,FALSE,TRUE,10,414
KK,60100,NA,103,CG1009,110657 KK,female,FALSE,TRUE,10,664
KK,60100,NA,103,CG1009,110657 KK,male,FALSE,TRUE,10,472
KK,60100,NA,104,CG9746,110706 KK,female,FALSE,TRUE,9,575
KK,60100,NA,104,CG9746,110706 KK,male,FALSE,TRUE,10,644
KK,60100,NA,105,CG13253,101249 KK,female,FALSE,TRUE,10,732
KK,60100,NA,105,CG13253,101249 KK,male,FALSE,TRUE,10,489
KK,60100,NA,106,CG5857,101264 KK,female,FALSE,TRUE,10,779
KK,60100,NA,106,CG5857,101264 KK,male,FALSE,TRUE,10,484
KK,60100,NA,107,CG42252,103449 KK,female,FALSE,TRUE,9,595
KK,60100,NA,107,CG42252,103449 KK,male,FALSE,TRUE,10,606
KK,60100,NA,108,CG2374,102739 KK,female,FALSE,TRUE,10,555
KK,60100,NA,108,CG2374,102739 KK,male,FALSE,TRUE,10,481
KK,60100,NA,109,CG30425,103332 KK,female,FALSE,TRUE,10,603
KK,60100,NA,109,CG30425,103332 KK,male,FALSE,TRUE,10,677
KK,60100,NA,110,CG18675,105164 KK,female,FALSE,TRUE,10,599
KK,60100,NA,110,CG18675,105164 KK,male,FALSE,TRUE,10,565
KK,60100,NA,111,CG1906,105483 KK,female,FALSE,TRUE,10,558
KK,60100,NA,111,CG1906,105483 KK,male,FALSE,TRUE,10,531
KK,60100,NA,112,CG12817,106952 KK,female,FALSE,TRUE,10,584
KK,60100,NA,112,CG12817,106952 KK,male,FALSE,TRUE,10,607
KK,60100,NA,113,CG7003,108076 KK,female,FALSE,TRUE,9,413
KK,60100,NA,113,CG7003,108076 KK,male,FALSE,TRUE,10,557
KK,60100,NA,114,CG1193,108168 KK,female,FALSE,TRUE,10,641
KK,60100,NA,114,CG1193,108168 KK,male,FALSE,TRUE,10,554
KK,60100,NA,115,CG8169,108638 KK,female,FALSE,TRUE,9,404
KK,60100,NA,115,CG8169,108638 KK,male,FALSE,TRUE,10,529
KK,60100,NA,116,CG1113,101239 KK,female,FALSE,TRUE,8,532
KK,60100,NA,116,CG1113,101239 KK,male,FALSE,TRUE,9,407
KK,60100,NA,117,CG32521,110002 KK,female,FALSE,TRUE,10,572
KK,60100,NA,117,CG32521,110002 KK,male,FALSE,TRUE,10,446
KK,60100,NA,118,CG1900,110563 KK,female,FALSE,TRUE,10,675
KK,60100,NA,118,CG1900,110563 KK,male,FALSE,TRUE,10,388
KK,60100,NA,119,CG42747,101775 KK,female,FALSE,TRUE,10,617
KK,60100,NA,119,CG42747,101775 KK,male,FALSE,TRUE,10,781
KK,60100,NA,120,CG13377,102820 KK,female,FALSE,TRUE,9,432
KK,60100,NA,120,CG13377,102820 KK,male,FALSE,TRUE,10,415
KK,60100,NA,121,CG42340,104521 KK,female,FALSE,TRUE,10,630
KK,60100,NA,121,CG42340,104521 KK,male,FALSE,TRUE,9,384
KK,60100,NA,122,CG33962,105029 KK,female,FALSE,TRUE,9,538
KK,60100,NA,122,CG33962,105029 KK,male,FALSE,TRUE,10,372
KK,60100,NA,123,CG43129,105040 KK,female,FALSE,TRUE,8,566
KK,60100,NA,123,CG43129,105040 KK,male,FALSE,TRUE,10,731
KK,60100,NA,124,CG4098,105277 KK,female,FALSE,TRUE,9,525
KK,60100,NA,124,CG4098,105277 KK,male,FALSE,TRUE,10,408
KK,60100,NA,125,CG43129,105788 KK,female,FALSE,TRUE,9,308
KK,60100,NA,125,CG43129,105788 KK,male,FALSE,TRUE,10,384
KK,60100,NA,NA,NA,NA,NA,FALSE,FALSE,139,5125
